is,-0.059769104,206103
great,0.502988129,202226
t,-0.374395941,152111
good,0.334244571,125146
not,-0.528549669,121533
you,0.05167899,119434
love,0.46018196,114603
that,0.060621787,91791
works,0.193109367,90789
very,0.084689871,83120
be,-0.113933039,76273
like,0.121782534,73216
so,0.063099909,72295
work,-0.366241181,71423
best,0.535257618,68948
awesome,0.633224001,63257
no,-0.32469317,62362
nice,0.413366609,59120
would,-0.199330491,53356
what,0.078419665,50752
was,-0.097638502,47572
update,-0.09082272,46075
only,-0.070492193,41595
are,-0.069007798,41178
or,0.054467158,39757
better,0.054154291,38719
your,0.06716544,37496
doesn,-0.259095159,36943
well,0.187913844,35253
don,0.055005673,33656
please,-0.080946075,32781
excellent,0.666565221,31971
even,-0.080649959,31820
will,-0.061995887,31247
galaxy,-0.054933108,30661
apps,0.078168063,30262
easy,0.220291946,29714
than,0.085938026,29450
5,0.142603017,29200
fix,-0.253394105,28455
cool,0.43294713,27398
could,-0.099327613,27189
free,-0.062565283,26703
needs,-0.215933448,26693
too,-0.185391375,26669
fun,0.307194335,25575
perfect,0.553151083,24557
screen,-0.082268009,23574
thanks,0.283190037,22952
used,-0.082636209,22107
how,-0.115810109,21846
want,-0.090783604,20995
htc,-0.069862199,20461
make,-0.065825041,20125
useful,0.316320678,19784
also,0.063215012,19644
working,-0.17333392,19198
amazing,0.555252889,18753
worth,0.164343265,18084
simple,0.190726848,18044
play,-0.065163047,17553
download,-0.194283577,17043
bad,-0.372974395,16962
force,-0.465323166,16861
must,0.388013676,16619
support,-0.11175273,16208
off,-0.125524519,15925
why,-0.259225419,15746
open,-0.406498234,15482
never,-0.273102663,15381
application,0.054720091,14661
won,-0.200894898,14440
because,0.140713046,14377
find,-0.059388871,14006
give,-0.080131743,13875
without,0.172485908,13578
nexus,-0.095766467,13533
which,0.070797916,13403
sucks,-1.242690738,13178
first,0.075717628,13143
most,0.056834236,13107
problem,0.104583979,13071
everything,0.122430423,13049
know,0.146079307,12877
try,-0.069816895,12809
keeps,-0.240799731,12651
worked,-0.205482789,12365
since,0.053183078,12218
job,0.066450224,12137
features,-0.079074503,11955
money,-0.082878687,11893
thank,0.258418045,11858
uninstall,-0.475899937,11362
buy,-0.057312379,11274
change,-0.050386988,11267
fine,0.236943578,10863
again,0.08459691,10582
close,-0.268074821,10267
looks,-0.176940035,10242
let,-0.17903815,10201
updates,-0.115670037,9994
slow,-0.440850524,9939
star,-0.0942045,9794
problems,0.205034829,9570
where,-0.085536784,9483
paid,-0.128645191,9478
fast,0.122601941,9368
didn,-0.057946217,9311
same,-0.166252362,9249
fantastic,0.53298448,9209
dont,-0.427604437,9179
ads,-0.273407744,9175
crashes,-0.711777442,9081
fixed,0.11090987,9022
look,-0.050966552,9021
show,-0.050673585,9004
nothing,-0.439008389,8978
pro,0.097257817,8848
data,-0.050672245,8830
install,-0.164204024,8685
old,-0.077470027,8648
uninstalled,-0.895931517,8490
until,-0.216529257,8397
waste,-0.779676883,8356
cant,-0.525671424,8348
people,0.152723912,8340
super,0.309115636,8330
anything,-0.113989316,8328
installed,-0.128394154,8186
exactly,0.337604513,8171
useless,-0.975092523,8075
issues,0.060275487,8020
home,0.060154657,7879
dev,0.054956496,7816
interface,-0.097873983,7676
closes,-0.408325602,7644
crap,-0.948810643,7515
rooted,0.09108198,7479
start,-0.14710167,7465
load,-0.258520123,7405
say,0.084307521,7388
perfectly,0.42804256,7367
sometimes,0.16101334,7349
who,0.09990145,7348
pay,-0.177861489,7305
done,0.105301021,7185
access,-0.136132338,7170
ll,-0.076766965,7110
issue,0.094331706,7105
wow,0.326100366,7091
yet,0.053870504,7069
cannot,-0.478236077,6954
ui,-0.089857795,6942
bit,0.074903248,6935
needed,0.139436966,6898
hard,-0.130425392,6821
idea,-0.338683437,6784
doesnt,-0.758601544,6737
error,-0.373621838,6734
takes,-0.156392894,6621
root,0.080086696,6609
live,0.168576008,6586
downloaded,-0.133228476,6568
annoying,-0.28760338,6560
were,-0.055527231,6557
shows,-0.165248799,6537
otherwise,-0.072451962,6488
updated,-0.067381122,6450
info,-0.060163728,6447
brilliant,0.582366658,6384
poor,-1.015936195,6307
recommend,0.094906518,6229
helpful,0.286155627,6229
sure,0.248673769,6212
another,-0.057823563,6211
these,0.057411551,5978
page,-0.051057042,5950
life,0.218741348,5934
instead,-0.072029176,5921
wont,-0.719814079,5858
quick,0.158821738,5845
tool,0.063342725,5843
accurate,0.116051981,5838
backup,0.055683219,5827
stuff,0.081443319,5815
simply,0.122431228,5795
beautiful,0.366928834,5785
top,0.21322675,5735
icon,0.12294314,5723
move,-0.064069762,5711
favorite,0.305503909,5644
handy,0.369416279,5643
finally,0.385943384,5622
sound,-0.156378771,5573
ability,-0.078853747,5411
happy,0.213668885,5395
absolutely,0.067350299,5372
stupid,-0.861361562,5367
phones,0.055596818,5264
those,0.166099726,5230
uninstalling,-0.824969745,5148
playing,0.060645018,5120
hate,-0.676228564,5097
others,0.113101113,5074
here,0.088065983,5070
highly,0.078925586,5041
already,-0.071719405,5018
lots,0.101571835,4980
cute,0.272019424,4974
wrong,-0.285248376,4954
hope,0.072649662,4933
awsome,0.671228077,4893
lol,0.059886587,4841
delete,-0.225920426,4806
stock,0.121565294,4801
said,-0.075856797,4753
next,0.055493351,4738
wonderful,0.452138061,4737
missing,-0.203787131,4675
longer,-0.176391575,4662
around,0.061203291,4651
five,0.179913215,4640
definitely,0.064635063,4639
books,-0.061851142,4604
us,-0.052853904,4600
light,0.064129367,4552
easier,0.096683375,4510
refund,-0.441606521,4468
horrible,-0.964014194,4428
isn,0.064962885,4387
watch,-0.126493651,4302
account,-0.102846192,4300
connection,-0.11931843,4291
rom,0.110565953,4252
couldn,0.085379291,4244
system,0.082359174,4191
pictures,-0.12478198,4169
upgrade,-0.066591925,4160
connect,-0.199412668,4156
loved,0.167675108,4151
addictive,0.397684098,4131
often,0.127899251,4094
terrible,-0.914092825,4043
location,-0.118776415,4035
helps,0.250923806,4012
freezes,-0.538588797,3960
bugs,-0.086401253,3929
plus,0.070409009,3925
ur,0.082373961,3850
lg,-0.061881289,3836
log,-0.258801325,3807
constantly,-0.187903695,3790
stopped,-0.480869066,3767
movies,-0.055897755,3767
default,0.100466919,3727
point,-0.207902036,3723
superb,0.584962174,3694
goes,-0.148478086,3606
sweet,0.602392044,3572
lost,-0.305763718,3559
remove,-0.249212293,3557
boring,-0.994023051,3529
recommended,0.151105366,3524
years,0.053493124,3505
seem,0.130767721,3501
wait,0.283984702,3497
faster,0.12470584,3484
manager,0.063598483,3475
daily,0.116204819,3474
saved,0.236123816,3422
either,0.088312544,3420
trial,-0.227994522,3406
permissions,-0.180322538,3389
he,0.077908806,3387
easily,0.082364365,3381
functionality,-0.060078879,3362
black,-0.162324829,3358
friends,0.089657441,3342
purchase,-0.058259242,3292
haven,0.237771142,3281
purchased,-0.100045316,3275
information,-0.082360904,3270
review,0.053503755,3227
luv,0.516601714,3190
started,-0.09608495,3183
edit,0.07311608,3166
may,0.059473642,3157
okay,-0.132529194,3141
print,-0.134268913,3139
properly,0.058773225,3128
disappointed,-0.568946612,3106
english,-0.205037455,3090
kind,0.076809408,3067
buggy,-0.38735555,3064
everyone,0.062013633,3062
epic,0.055816309,3047
half,-0.15444698,3010
smooth,0.179418674,3003
updating,-0.108755042,2997
downloading,-0.1538132,2964
fc,-0.612255845,2963
yes,0.342806054,2963
graphics,-0.159873001,2950
g,0.170202993,2949
crash,-0.439571935,2944
folder,0.064615523,2940
alot,0.052798071,2935
understand,0.071729321,2926
enjoy,0.14759405,2902
sounds,-0.208734589,2883
clean,0.131832867,2880
picture,-0.122988129,2863
quickly,0.057969163,2857
plz,-0.054315373,2854
everytime,-0.244547674,2850
closing,-0.274556411,2849
basic,-0.168223083,2840
worst,-0.913430022,2830
went,-0.075050294,2828
clear,0.111981231,2825
wtf,-0.916486035,2815
password,-0.077381179,2804
supposed,0.189483259,2778
website,-0.088053816,2774
web,-0.065167327,2731
lame,-1.163845024,2701
custom,0.068187163,2680
loading,-0.21194664,2669
crashing,-0.571880603,2662
design,-0.084455702,2639
buying,0.081064146,2637
saves,0.287183547,2613
content,-0.147490097,2602
test,-0.076602793,2592
response,-0.056810144,2582
learn,0.094476249,2571
loves,0.408006532,2567
smart,0.150367191,2565
power,0.070694695,2563
broken,-0.579285584,2552
ask,0.143958791,2547
ad,-0.189171127,2545
videos,-0.054622646,2545
seconds,-0.059013497,2528
god,0.12082377,2515
layout,-0.074769217,2483
uses,-0.158398862,2481
rather,-0.072250992,2457
gave,-0.113764748,2456
possible,0.069215067,2453
glad,0.202198642,2445
pls,-0.055344986,2441
funny,0.279708245,2440
bean,-0.084084431,2427
unless,-0.059669803,2407
unable,-0.54964728,2400
concept,-0.372576303,2396
probably,0.059810158,2396
stops,-0.334516972,2385
gud,0.37930808,2379
v,0.061620568,2371
fail,-0.762797311,2363
server,-0.05982793,2344
reliable,0.164309667,2339
mind,0.199615248,2339
numbers,-0.105605868,2326
guess,-0.087134082,2319
convenient,0.253147347,2315
changes,-0.097760613,2306
cause,0.103656954,2295
language,-0.072498706,2291
kept,-0.281576603,2270
addicting,0.412709442,2266
garbage,-0.931877616,2217
flashlight,0.174114317,2200
limited,-0.330351071,2197
flawlessly,0.345964778,2197
responsive,0.095448847,2170
advertised,0.276398215,2156
gone,-0.271192685,2151
difficult,-0.216515843,2144
compatible,-0.198177924,2144
today,0.079590891,2138
man,0.100710848,2136
seriously,-0.188681432,2135
controls,-0.133266293,2129
rubbish,-1.121061531,2127
everyday,0.14507934,2116
challenging,0.142948841,2105
stuck,-0.178633703,2086
blank,-0.511264153,2073
restart,-0.070734476,2073
sorry,-0.381093055,2072
loads,-0.12402816,2071
frustrating,-0.335485561,2065
taking,-0.072037608,2055
past,-0.116508527,2047
installing,-0.085756027,2044
reinstall,0.10842846,2040
paying,-0.061680411,2028
calculator,0.097701512,2025
client,0.054683244,2019
showing,-0.066468665,2016
three,-0.057101448,2014
forever,-0.102059587,2003
login,-0.345715656,2002
although,0.127786836,1995
shame,-0.364345131,1992
intuitive,0.060296531,1984
hide,0.0766961,1980
fails,-0.349892593,1974
charm,0.375183684,1964
white,-0.133016969,1962
none,-0.169291921,1946
didnt,-0.580645775,1925
images,-0.088799329,1917
twice,-0.22765372,1915
happened,-0.374045903,1911
usage,-0.063427184,1911
results,-0.127586511,1909
impressed,0.103874362,1906
scan,-0.05594497,1897
rocks,0.542216671,1895
hero,-0.152724414,1887
deleted,-0.41426494,1886
failed,-0.339784763,1883
lag,-0.081976189,1880
she,0.052684385,1870
supported,-0.195269108,1869
<3,0.273474468,1868
believe,0.279497538,1862
potential,-0.127965389,1854
sort,-0.148498431,1848
roms,0.064754158,1845
sign,-0.260489842,1842
forced,-0.406797243,1837
junk,-0.870776963,1834
hell,-0.22223924,1833
adds,-0.162763384,1829
yeah,0.280369586,1810
improved,0.14545471,1806
ive,0.09366729,1799
remember,0.153216748,1798
suck,-0.789740058,1797
bright,0.172221018,1795
f,-0.175744437,1794
future,0.125301005,1790
unfortunately,-0.08797106,1789
standard,0.131218673,1785
bloatware,-0.894156024,1778
hour,-0.061407998,1776
comments,0.054140281,1752
interesting,0.159919206,1751
awful,-0.854098955,1749
comment,0.13192122,1745
wasn,0.178192346,1744
random,-0.083857068,1740
helped,0.313560473,1740
total,-0.075488542,1735
lets,0.072011766,1732
tuner,0.132848769,1732
solid,0.231508828,1732
personal,-0.103527141,1730
tablets,-0.061271451,1726
worse,-0.461142914,1723
major,-0.088486741,1717
period,0.1116936,1714
gas,0.163917917,1714
hi,0.249815978,1713
gr8,0.522478963,1711
outstanding,0.552262718,1710
errors,-0.307436863,1703
till,-0.157531795,1698
opening,-0.18084031,1692
usefull,0.367733861,1692
crashed,-0.694297383,1691
follow,0.131679407,1666
penny,0.264418626,1656
stable,0.16195524,1655
tells,-0.156830126,1650
printer,-0.073359703,1640
closed,-0.358945517,1637
plays,-0.078417173,1630
worthless,-1.027941518,1628
removed,-0.308688009,1628
area,-0.065283766,1627
starts,-0.174315328,1609
instructions,-0.079263012,1608
mytouch,-0.096199378,1606
spam,-0.615514448,1601
matter,0.115188533,1600
immediately,-0.070952553,1598
prefer,-0.123723446,1595
usb,0.137378132,1591
loving,0.444407899,1581
ugly,-0.409423464,1561
hear,-0.110802408,1556
dumb,-0.880679881,1547
saver,0.312893857,1543
expensive,-0.255682483,1538
effective,0.224407664,1530
anyway,0.14373466,1529
itunes,0.063750836,1524
essential,0.496968074,1520
bring,-0.076122737,1512
complaints,0.50380963,1511
20,-0.0732265,1508
articles,-0.067482733,1507
beat,0.234140122,1507
moment,-0.124051987,1505
leave,0.126971031,1503
based,0.057369883,1497
sad,-0.567374301,1490
freezing,-0.341341295,1484
bother,-0.321538015,1480
push,-0.116806245,1477
unusable,-0.764160251,1469
thumbs,0.194147014,1468
30,-0.077202491,1463
omg,0.133966743,1457
thx,0.315736932,1454
usually,0.102867142,1451
ace,0.07686541,1450
questions,-0.118893375,1447
laggy,-0.314652853,1438
neat,0.280854847,1436
stream,-0.055024509,1430
pic,-0.054290261,1421
average,-0.265307117,1417
permission,-0.180014702,1409
freeze,-0.200031942,1406
answer,-0.061372426,1405
requires,-0.308090266,1399
safe,0.290591639,1393
asap,-0.071056961,1392
wants,-0.39280105,1388
non,-0.206702072,1383
aren,0.106744541,1382
constant,-0.151948532,1377
cost,-0.079450122,1374
her,0.060275846,1368
launch,-0.230843712,1367
crazy,-0.071508399,1367
os,0.052114797,1367
fan,0.088618122,1354
asking,-0.219328136,1351
fully,0.108304155,1349
powerful,0.240204555,1348
deals,-0.141352,1339
TRUE,0.086654241,1338
links,-0.115887629,1337
chinese,-0.1328939,1336
class,0.128804682,1336
pointless,-0.895312924,1334
impossible,-0.407638215,1334
forget,0.07020738,1328
brain,0.204432084,1327
import,-0.075679096,1326
k,0.146309058,1322
syncing,-0.07163391,1319
nicely,0.32094263,1315
drain,-0.093096763,1308
disappointing,-0.725379383,1305
opens,-0.25922944,1304
randomly,-0.107219324,1301
minute,-0.068252763,1301
confusing,-0.376643336,1300
complaint,0.270088938,1300
looked,-0.146029127,1297
x10,-0.076795403,1294
happens,-0.095567001,1289
lack,-0.184146601,1286
zero,-0.388969193,1280
names,-0.054534575,1279
reply,-0.054719099,1271
hey,0.09638323,1262
demo,-0.185263321,1256
flawless,0.48288575,1255
accounts,-0.079999223,1253
id,-0.124753739,1252
100%,0.143614571,1246
opened,-0.178992669,1245
higher,-0.11405537,1242
care,0.089909222,1241
thinking,0.07120516,1213
meh,-0.612285777,1210
friend,0.080052425,1209
locked,-0.154681121,1208
alright,-0.064758516,1203
solution,0.083054769,1195
city,-0.137057706,1194
recognize,-0.158806737,1187
above,0.097049759,1183
fixes,0.126600279,1183
prices,-0.078894783,1182
lovely,0.386850739,1180
min,-0.134946036,1179
causes,-0.177318727,1178
tons,0.12443119,1172
process,0.056140712,1166
lags,-0.294860447,1162
mp3,0.133751402,1162
integration,-0.060539135,1160
cut,-0.088048621,1154
profiles,0.070019656,1154
dvr,-0.083349696,1153
wildfire,-0.071894609,1151
greatest,0.56284186,1148
cuz,0.172172474,1146
ill,-0.147235128,1145
art,0.050470263,1143
hopefully,0.090902366,1142
suggestion,0.112247336,1136
ios,-0.073223731,1135
special,0.05765625,1135
yay,0.570255986,1134
cm7,0.057601743,1132
morning,0.056105024,1127
xda,0.156264001,1126
forces,-0.603243799,1113
case,0.14965988,1112
prediction,-0.055346162,1110
agree,-0.186945326,1101
him,0.053565959,1097
air,-0.161698427,1096
distance,-0.06788748,1086
crappy,-0.604946305,1084
drive,0.052312675,1084
near,-0.09510436,1081
school,0.09241085,1075
article,-0.058339549,1070
enable,-0.050227684,1064
jesus,0.182190131,1064
entertaining,0.255059231,1059
weird,-0.19210219,1055
moved,-0.051110355,1054
locks,-0.399061758,1051
broke,-0.333035434,1049
water,0.279171366,1047
board,-0.059776177,1046
telling,-0.229131276,1027
fault,0.613661452,1027
ipad,-0.119172971,1025
complicated,-0.249406549,1023
reinstalled,0.456237783,1023
quit,-0.120117575,1022
ya,0.07528753,1021
lacks,-0.357505343,1010
serious,-0.079520844,1010
wasted,-0.388725716,1004
called,-0.106620095,1001
loaded,-0.06576776,1001
decided,0.102880695,991
t-mobile,0.08934901,989
stays,-0.050667089,986
sending,-0.10879131,984
source,0.109195928,984
impressive,0.381394219,984
difference,0.123619699,981
hot,0.123980559,981
bored,-0.127237521,978
spot,0.159031607,976
fake,-0.607800266,973
kernel,0.060604455,971
course,0.220404966,970
h,0.18901891,966
ppl,0.133728421,964
drains,-0.671173131,962
privacy,-0.096719721,962
mr,0.203955106,961
titanium,0.066613417,960
ready,0.062060959,957
stick,-0.282755186,955
kool,0.460768527,953
pain,-0.100797985,952
require,0.104551431,950
noticed,0.055146151,943
satisfied,0.253688417,943
hangs,-0.513466888,942
notepad,0.095436402,942
deleting,-0.308846359,941
pocket,0.083702603,938
tested,0.069696724,936
efficient,0.202208801,930
listed,-0.069402659,924
wake,0.081593713,924
daughter,0.081841046,924
se,-0.139408362,920
ugh,-0.770698082,918
sandwich,-0.122547865,918
miles,-0.161280229,917
resolution,-0.12108446,917
pleased,0.249841029,917
saw,0.07678655,916
ridiculous,-0.465073629,911
su,0.05597588,911
tasker,0.153962478,910
report,0.094950155,909
appreciate,0.180499541,909
donate,0.14644322,908
slacker,0.141930959,905
wife,0.120272734,896
avoid,-0.341173095,894
quotes,-0.170801541,893
described,0.234774034,892
gay,-0.305308113,890
ease,0.055940713,889
gotta,0.083922314,886
luck,-0.058686737,881
sux,-1.154066135,880
dead,-0.201201985,878
receive,-0.050324989,877
tiny,-0.103687884,874
messed,-0.491119898,872
recordings,-0.096132902,871
ringtones,-0.063820119,871
received,-0.111807539,870
favourite,0.251588893,869
tin,0.377558281,869
tweet,0.088151054,868
un,-0.272238844,867
100,0.07530727,863
shouldn,0.200904871,863
joke,-0.618292177,862
favorites,0.053087239,862
showed,-0.178873704,861
jump,-0.07066347,860
rock,0.304677829,858
mess,-0.16300864,855
thanx,0.292915288,855
bonus,0.255206671,847
deserves,0.18357403,845
lacking,-0.3202021,843
sick,0.185444216,838
unlike,0.228235756,838
addicted,0.443436695,834
en,-0.05314032,832
mins,-0.08797424,831
warning,-0.21915371,829
behind,-0.199615665,829
cache,0.115989338,828
whats,-0.155902466,823
beats,0.24995553,822
kills,-0.336366711,820
displays,-0.073640765,819
credit,-0.175795737,816
locations,-0.128277866,814
kies,0.178087023,807
virus,-0.551307189,802
thus,0.062262374,802
fav,0.325445261,795
rooting,0.149113733,793
dx,0.059927022,792
eh,-0.579613915,789
native,0.069055316,788
plenty,0.07677053,788
j,0.251582006,788
ran,-0.055919222,787
face,-0.050521932,786
apply,-0.080028401,785
window,0.057047745,783
direct,0.072338119,783
haha,0.309218355,782
complain,0.598521894,781
incredibly,0.089549652,778
nor,-0.140779162,774
>,-0.112876769,773
unique,0.163364428,773
rarely,-0.268408944,768
complaining,0.517079719,764
smoothly,0.15750643,763
boo,-0.993666177,762
informative,0.206278729,762
beautifully,0.310224218,761
predictions,-0.079644558,760
magic,0.092564374,760
taken,-0.084645338,759
asks,-0.238171012,758
yo,0.148557453,754
#NAME?,0.202816266,754
mb,-0.143714888,753
rules,0.108917399,751
bs,-0.682136395,750
official,0.113404451,750
products,-0.073475043,748
slower,-0.203581258,744
beware,-0.581352678,739
finger,0.054872519,737
tired,-0.143691027,736
awesomeness,0.642946653,732
necessary,0.126650487,731
lines,-0.083355783,730
mog,0.172768689,729
recorded,-0.236294169,727
idk,-0.151864559,725
ruined,-0.804543759,721
solved,0.246778299,718
fascinate,-0.121028646,717
perhaps,0.076538731,717
superuser,0.177251516,716
flow,0.28891834,714
es,-0.113665047,713
putting,-0.072609371,713
improving,0.126224608,713
siri,0.065219873,711
mention,0.085179626,711
stories,-0.062951615,709
action,0.097250057,709
replace,0.1025076,709
build,0.054331475,706
froze,-0.720199069,704
hang,-0.0645845,704
wi-fi,0.053741209,703
purchasing,-0.064394544,702
beyond,0.067188927,702
newest,0.133519339,702
shuts,-0.480479759,700
realy,0.05460894,699
wonder,0.055009512,699
upgrading,0.13536046,699
pulse,0.121073602,697
enabled,0.06045522,693
finds,-0.054753466,692
spanish,-0.091807273,690
adobe,0.101460841,689
amazingly,0.242028333,689
regret,0.207487891,688
register,-0.212792898,687
occasionally,0.098079483,683
couldnt,-0.327416022,682
enjoyed,0.163429564,681
caused,-0.096919045,679
binary,0.171500927,679
whether,0.203844733,678
fabulous,0.475408353,678
eris,-0.165769874,675
sooo,0.067717285,675
isnt,-0.456021627,673
poorly,-0.430779407,673
barely,-0.33383357,673
answers,-0.197566303,673
road,0.057305827,673
losing,-0.10281703,671
txt,-0.076605223,671
unresponsive,-0.445421111,670
unstable,-0.439814677,667
written,-0.083570149,666
connecting,-0.117079767,665
common,-0.10474972,665
sexy,0.46267948,665
palm,0.051832517,664
inaccurate,-0.747219477,663
unreliable,-0.628499645,661
blackberry,0.06063104,661
honeycomb,0.081577568,659
pure,0.064534643,658
ratings,0.101562082,658
apk,0.111376533,656
genius,0.347174796,656
excelent,0.675527,656
killed,-0.553981126,654
startup,-0.154680575,652
trip,0.069451673,652
slows,-0.458095439,649
classic,0.107432172,649
clicking,0.057814337,648
must-have,0.498149372,648
moves,-0.111786452,647
tmobile,-0.0676514,644
hog,-0.386922315,642
lil,0.058474962,642
rip,-0.495546433,640
ideas,-0.104763857,640
hardly,-0.365475756,638
promised,0.09988855,638
reads,-0.072598299,637
yea,0.320927858,636
scam,-0.794629108,633
figured,0.223957617,632
surprised,0.175950421,631
sensitive,-0.063058685,630
obviously,0.111756836,627
slick,0.15484713,627
trash,-0.773192718,626
compare,0.067843187,626
knew,0.132795952,626
incorrect,-0.429081499,624
ex,0.051439552,624
killing,-0.083804785,623
doubt,0.100504776,623
infuse,-0.058402093,621
dude,0.072992786,619
glitchy,-0.377850763,617
yr,0.059433257,616
drawer,0.073670962,616
forcing,-0.368221491,615
replaced,0.122110936,615
enjoyable,0.140390553,615
episodes,-0.182509662,612
dollars,-0.083546311,612
scanning,-0.07803871,612
ty,0.21791822,612
wouldnt,-0.604582221,611
btw,0.116864337,611
worry,0.476429995,611
resolved,0.055860397,610
previously,0.096942998,606
buddy,0.241740543,606
japanese,-0.067741137,605
dream,0.260365626,604
#,-0.06672718,603
sends,-0.349624699,602
weak,-0.782438717,600
ms,0.08548178,597
att,-0.117019178,596
quicker,0.075138079,595
dosent,-0.843988076,587
installation,-0.197297954,587
deserve,0.106390097,587
harder,-0.073437287,585
yesterday,0.062904411,581
shazam,0.055334599,579
earlier,0.080225438,578
hardware,0.147545366,576
channel,-0.066356434,575
kudos,0.154322121,575
irritating,-0.319296334,574
clunky,-0.161843124,574
removing,-0.15108043,574
method,0.132113242,573
states,-0.090272437,572
blows,-0.537418219,568
emoji,-0.074281752,568
adw,0.102957485,568
dnt,-0.637897543,566
mad,-0.218986282,566
arrow,-0.05190487,566
notch,0.22806695,566
loud,-0.069824969,565
reinstalling,0.228005183,565
easiest,0.242761603,565
gorgeous,0.385253457,563
translation,-0.123112535,562
empty,-0.094015773,561
dell,-0.057284093,560
carry,0.196732062,559
muy,0.199722975,558
translate,-0.075972331,556
channels,-0.084386258,553
frequent,0.130740236,551
secure,0.137705732,551
loop,-0.353012791,550
direction,-0.094589705,549
gift,0.059282118,549
ally,-0.144097417,548
badly,-0.187964426,547
charged,-0.251397143,544
disappear,-0.217239691,544
requests,-0.087367698,544
slightly,0.10730742,544
dates,-0.060988492,543
advertising,-0.367469944,541
sadly,-0.084707731,540
terrific,0.447152194,540
practical,0.088929756,539
nt,-0.599394897,536
menus,0.061280497,535
colours,-0.064596844,534
imagine,0.367746337,532
steps,-0.139795014,529
slider,0.050182379,528
flipboard,0.080754869,528
frustrated,-0.158702295,527
na,-0.094706812,527
fab,0.422891093,527
bless,0.10617901,526
sell,-0.124716925,525
unnecessary,-0.084123215,525
cuts,-0.342819709,523
dial,-0.089285343,523
records,-0.07841843,522
hello,-0.123589687,521
connects,-0.097536646,520
wasting,-0.240777671,519
def,0.067592211,518
enjoying,0.214579891,518
overclock,0.135149894,517
global,-0.097868791,515
bye,-0.219113641,514
blocks,-0.097121586,513
gd,0.351620145,512
bomb,0.554085113,512
dose,-0.109455674,507
protection,0.068812691,507
reminds,0.106931824,507
bloat,-0.675179056,506
5stars,0.181120874,506
slideit,0.079312916,505
calc,0.123415133,505
exellent,0.731056969,505
cliq,-0.338956849,504
passwords,-0.210208364,504
angry,-0.084146315,504
bravo,0.362628711,504
normally,0.164519307,503
expired,-0.477698679,500
confused,-0.378717858,500
ne,-0.436724361,498
brother,-0.054558044,498
prob,0.202253049,498
elegant,0.22895837,497
ultimate,0.328544903,497
loses,-0.278311407,495
invalid,-0.510023312,494
perfection,0.503269093,494
unwanted,-0.22893756,493
children,-0.101591557,493
activate,-0.17966399,492
xd,0.241984787,492
unlimited,0.124939242,491
balls,-0.183525267,490
cm9,0.057558212,487
knowing,0.19642964,487
meant,0.155579104,485
compatibility,-0.060017132,484
helping,0.062767656,483
superior,0.077183055,483
resources,0.082894102,482
shuffle,0.097840163,482
cents,0.093825755,481
smoother,0.103082988,481
hmm,-0.258956906,480
flexible,0.059572557,479
blah,-0.229893218,478
refunded,-0.438706672,477
cheers,0.171249755,477
curve,0.085732698,476
restored,0.090067461,476
fancy,0.181583627,476
child,-0.058810136,475
letting,-0.212623437,474
incoming,-0.092178682,474
refreshing,0.078154742,474
tapping,0.143481559,474
screwed,-0.385513037,473
rich,0.070510807,472
bullshit,-1.012563896,470
causing,-0.079183344,470
fly,0.055632137,469
installs,-0.281942647,468
ignore,0.084206534,468
pos,-0.715898292,467
wth,-0.737111225,466
popup,0.094616176,466
misleading,-0.844690976,465
con,-0.101610002,465
relaxing,0.185673475,465
terms,-0.113832835,463
symbols,-0.077284615,463
leaves,-0.089992864,462
idiots,0.55529503,462
burn,0.133842669,459
intended,0.150974782,458
disappeared,-0.350256679,455
costs,-0.196789002,455
#1,0.392617405,455
wonderfully,0.29948805,454
gold,0.124854679,453
bc,0.138503405,453
clever,0.298710771,453
prompt,0.11887377,452
$1 ,0.053481804,450
sygic,0.169823242,449
locking,-0.143883215,446
difficulty,-0.069033266,446
realize,0.267400392,445
restarts,-0.466856361,444
app2sd,-0.125204507,444
explain,-0.205876271,443
noise,-0.150856641,442
donation,0.062376863,442
cat,0.065161919,442
locale,0.12981165,442
hooked,0.211849456,442
sorted,0.136283224,441
unblock,0.325471474,441
2nd,0.113852013,440
boy,0.122559893,440
unavailable,-0.823354071,438
heck,-0.394283091,437
recipes,-0.198563744,436
nope,-0.897085546,435
boxes,-0.099949824,435
tip,0.137562091,435
abandoned,-0.689348865,434
sometime,0.07459318,434
command,0.054580625,433
FALSE,-0.401362892,432
streams,-0.053438996,432
nuff,0.325412851,432
500,-0.161649737,431
appointments,-0.078186648,431
stopping,-0.310293074,430
idiot,0.242202132,430
er,-0.101907743,429
disappears,-0.383218849,428
comprehensive,0.22927956,427
outdated,-0.477961928,425
emojis,-0.087759808,424
highlighting,-0.086686883,424
tones,-0.055660463,424
trick,0.068735848,424
intrusive,-0.154898628,423
nyc,0.141022351,423
thinks,-0.091796529,422
flaws,0.061782945,422
greatly,0.076073702,422
14,-0.143160936,421
economist,-0.061987082,417
fresh,0.148548015,417
keeper,0.239646292,417
pathetic,-0.737857245,416
buffering,-0.115579089,416
failure,-0.470688017,414
pre,0.062510766,414
den,-0.068957961,413
coolest,0.424835421,413
personally,0.063710356,411
eventually,0.099698013,411
stinks,-1.186151698,410
restarting,-0.076927784,410
droid2,-0.064672688,410
mistakes,-0.10063318,408
fcs,-0.394745713,407
felt,0.065855631,407
initially,0.089081345,407
blocked,-0.119290992,406
dice,-0.074616889,406
incompatible,-0.599004123,405
eats,-0.470960594,405
sluggish,-0.118847104,404
expecting,-0.090894948,404
annoyed,-0.310078305,403
model,-0.065090168,403
yup,0.258914253,403
ma,-0.051037013,402
dialer,0.105367458,402
gladly,0.130798427,402
indispensable,0.595848805,402
brill,0.643988922,402
silly,-0.204797234,401
strong,0.209308881,401
sucked,-0.841866231,400
competition,0.051574329,400
saber,0.192662214,400
suite,0.066715149,399
screw,-0.320938284,398
freakin,0.062075231,398
rotation,0.088503715,398
master,0.099249789,396
popping,-0.072778652,395
reboots,-0.204640141,394
cities,-0.156819464,394
smh,-0.771875529,393
fee,-0.061224503,393
american,-0.089719697,392
breaks,-0.175856243,391
butt,0.05486554,391
speeds,0.218889977,391
boss,0.418272731,391
transparent,0.074487575,390
grate,0.354648709,390
liking,0.115279358,389
retarded,-0.653705852,388
peace,0.075825268,388
folks,0.141839423,388
clips,-0.308712785,387
french,-0.100890348,387
networks,0.073975031,386
accurately,0.055236622,385
fastest,0.118284203,385
2011,-0.12267549,384
awkward,-0.061552736,384
likely,0.05033865,384
appreciated,0.20699074,384
disappointment,-0.570840918,382
coz,0.075509582,382
decide,0.069724688,381
beast,0.535659172,381
graphic,-0.06976378,380
jrummy,0.06659082,380
buck,0.070692501,380
twist,0.15270097,380
magazine,-0.054430206,379
breeze,0.244710053,379
tts,0.073337155,378
brilliantly,0.301523915,378
grt,0.484632527,378
um,-0.396215454,377
slowly,-0.172772187,377
rely,0.062932669,377
bed,0.095420274,377
managed,0.095509667,377
willing,0.200474988,377
zone,-0.114391625,376
treat,0.257282992,376
adorable,0.29772474,375
particular,0.064269544,374
recomend,0.080451867,374
yep,0.351885122,373
excelente,0.748098793,373
sling,-0.115786294,372
groups,0.055269528,372
versatile,0.230089111,371
nowhere,-0.261296085,370
neither,-0.198259129,369
followed,-0.123129934,369
cyanogen,0.062467458,369
ideal,0.233723582,369
goood,0.514267589,369
resume,0.082210279,368
stunning,0.315427809,368
unacceptable,-0.672561877,367
german,-0.115361242,367
bummer,-0.605455066,366
dislike,-0.463425843,366
wondering,0.128202128,366
dope,0.666631264,366
50%,-0.165858297,365
juice,0.078312657,364
flixster,0.297112028,364
amazed,0.246130612,363
usability,-0.11816225,360
refuses,-0.383020446,359
attractive,0.09143487,359
messing,-0.090247273,358
2010,-0.07349671,358
40,-0.059838009,358
bro,0.183617055,358
lifesaver,0.577106695,358
hmmm,-0.183237171,357
precise,0.11347723,357
joy,0.160822141,357
choppy,-0.318928732,356
pity,-0.318064855,356
si,-0.101278358,356
helpfull,0.379519686,356
reasons,0.150577755,355
payment,-0.135795519,354
^_^,0.174558617,354
repeatedly,-0.299664224,353
phrases,-0.084048315,353
upset,-0.252392032,352
clicked,-0.061827455,352
weekly,-0.052778167,352
skips,-0.466060488,350
thrive,-0.059476817,349
buffer,-0.19370605,348
mute,0.085169794,348
aqua,0.234488585,348
batch,0.071963309,347
avg,0.130573005,347
unbelievable,0.176348944,347
sam,0.1418206,346
drops,-0.273286876,345
ends,-0.063469566,343
virtual,0.085457371,343
whatsoever,0.115784457,342
hides,0.157196485,341
5star,0.207404104,340
ain,0.078473909,339
hint,0.082727246,339
wallet,0.107034447,338
intercept,-0.110808092,337
explanation,-0.061123527,336
identify,-0.056340667,335
th,0.074434505,335
throw,0.054918187,334
wicked,0.386941503,334
assistant,-0.054036471,333
worthy,0.073103542,333
tom,0.09815669,333
realized,0.051077017,332
headset,0.070968516,332
mike,0.133949399,332
downside,0.126776175,331
huh,-0.645250393,330
dropped,-0.090453672,329
^^,0.257542538,329
draining,-0.316124988,327
scheduled,-0.095896399,327
ikke,-0.759913062,325
exciting,0.060901343,325
tha,0.080321263,325
dedicated,0.088151559,324
according,-0.082597417,323
machine,0.095271578,323
^,0.108443223,323
invaluable,0.428597651,323
tiles,-0.088589867,322
blurry,-0.302176451,321
frozen,-0.336692279,320
imdb,0.113329541,320
waist,-0.701370345,319
scientific,0.125663763,319
hd2,0.14978883,319
anyways,0.178372498,319
secret,0.072775171,318
thnx,0.320930196,318
boost,0.07961055,317
lovin,0.515664679,317
resets,-0.403952126,316
fat,-0.123848768,316
wasnt,-0.302350987,315
dj,0.077939414,315
firmware,0.132464431,315
kernels,-0.142892198,314
adverts,-0.316845832,313
lucky,0.092311852,313
valuable,0.155673495,313
weren,0.253663745,312
trail,-0.155334935,311
indicator,0.051026907,311
provider,0.074260963,311
entertainment,0.092076536,310
bueno,0.207711419,310
entertained,0.310224849,308
hilarious,0.489017765,308
optional,-0.092455761,307
pieces,-0.090408816,307
slowed,-0.661675167,306
welcome,0.21227156,306
oc,0.222976844,306
comfortable,0.065312408,305
expectations,0.120664645,304
incomplete,-0.34319582,303
seamlessly,0.119546671,303
passed,0.149859559,303
sharp,0.069396286,302
kinds,0.122219638,302
licence,-0.081922968,301
rebooted,0.10009206,301
verry,0.228613187,301
fave,0.235338694,301
john,0.072790094,300
ereader,0.101299456,300
dig,0.271159939,300
cumbersome,-0.23019921,299
collect,-0.161544259,299
sticking,-0.142669338,299
bb,0.102956555,299
lagging,-0.082254604,298
waited,-0.054881748,298
positive,0.065068289,298
probs,0.445473228,298
payed,-0.208585557,297
animated,-0.082515139,297
preferences,0.197325555,297
elsewhere,-0.171691178,295
instance,0.086125947,295
continuously,-0.301734705,293
jokes,-0.218826534,293
benefit,0.054165944,293
promises,0.133989761,293
reliably,0.183096165,293
ehh,-0.56591105,292
deletes,-0.426440214,292
brighter,-0.060287791,292
holy,0.386001703,292
advertisement,-0.4293397,290
computers,0.093638933,290
final,0.053697174,289
ride,0.077626681,289
dan,0.205722955,289
adware,-0.631568375,288
unhappy,-0.588356295,288
hated,-0.20532129,288
api,-0.07181881,288
nobody,-0.067257611,288
1000,0.064700363,288
thankyou,0.164070273,288
winner,0.243382285,288
kidding,-0.480767133,287
continually,-0.077326694,287
hundreds,0.090518238,287
church,0.107614261,287
greedy,-0.411492385,286
capable,0.057579012,286
carrier,0.147988096,286
kaspersky,0.19425224,285
spyware,-0.774470406,283
malware,-0.544536671,283
recognise,-0.051428603,283
definately,0.057761226,283
surprise,0.082940124,283
convenience,0.097722793,283
tb,0.344752934,282
airpush,-0.317360192,281
creates,-0.101509542,281
experienced,0.062004861,281
snap,0.093601828,281
iris,0.08137979,279
dear,-0.111871837,278
androids,0.107683299,278
straightforward,0.161607391,278
lousy,-0.715339925,277
sample,-0.147302627,277
surprisingly,0.186880157,277
tight,0.421394534,277
printed,0.090469525,276
sensor,0.095785706,276
seamless,0.263735183,276
phenomenal,0.432028667,276
mon,-0.207015426,275
aria,-0.149412437,275
facts,-0.146226959,275
html,-0.126690092,275
frame,-0.075792574,275
headphones,0.059797146,274
taptu,0.063932884,274
deep,0.105438941,274
occasional,0.111010587,274
advertisements,-0.442257308,273
russian,-0.092853727,273
calculate,-0.056635792,271
ny,-0.056246232,271
lover,0.058357538,271
college,0.135446314,270
timing,-0.134009415,269
increased,0.198779316,269
messes,-0.599195809,268
e-mail,-0.060600399,268
diff,0.06414601,268
serves,0.221781508,268
bull,-0.638595745,267
disappearing,-0.378717897,267
lightweight,0.124407869,267
wack,-1.255261163,266
bait,-0.341184107,266
duplicates,-0.293609002,266
merge,-0.071674567,266
sleek,0.085295397,266
reasonable,0.109230311,266
greater,0.209884778,266
exelent,0.686246811,266
functioning,-0.124626528,265
santa,0.166611853,265
blessing,0.320612012,265
dissapointed,-0.602202958,264
legit,0.482073127,264
unistall,-0.680694795,263
-_-,-0.655333811,263
res,-0.080920539,263
qwerty,0.084728504,263
add-on,0.15875756,263
allah,0.185819031,263
smb,-0.167580579,262
possibilities,0.160436193,262
darn,-0.096946395,261
gauge,0.069333121,261
lasts,0.108591512,261
backwards,-0.240043873,260
jumps,-0.226861426,260
nonsense,-0.094497344,260
bloated,-0.314365195,259
porn,-0.083464991,259
inconsistent,-0.273281573,258
wherever,0.059186399,258
unexpectedly,-0.207768368,257
quote,-0.16939072,257
dies,-0.165478977,257
lie,-0.119700276,257
v1,0.093954384,257
95,-0.355125214,256
contains,-0.139526604,256
calculations,-0.103383005,256
operate,-0.090470039,256
failing,-0.113667889,255
research,0.057609135,255
pm,0.060907012,255
truth,0.10800489,255
erased,-0.630901517,254
somebody,-0.221581197,253
answered,0.077046087,253
cleared,0.215904427,253
logic,0.105693414,252
k9,0.237611297,252
alternatives,-0.142086397,251
clue,0.06834613,251
nokia,0.07849981,251
fingertips,0.148916531,251
setcpu,0.213824123,251
unistalled,-0.758805436,249
refuse,-0.335457828,249
vision,-0.194996138,249
dvd,-0.059758703,249
batt,0.133459048,248
neon,0.06337606,247
bills,0.107132629,247
blame,0.550267813,247
badass,0.637933283,247
warp,-0.175155042,246
router,0.112038716,246
delivers,0.127707934,246
flixter,0.261138227,246
static,-0.288139182,245
ware,-0.129105701,245
charges,-0.121972938,245
international,-0.110823443,245
extended,0.23271402,245
defeats,-0.369815936,244
mixed,-0.166322637,244
sitting,-0.081715124,244
dot,-0.051997918,244
watched,0.054443313,244
shutting,-0.248540341,243
downloader,0.061798385,243
abs,0.156189258,243
bien,0.310208345,243
happier,0.482841921,243
corrected,0.133231492,242
expert,-0.120729753,241
par,-0.057128988,241
pleasure,0.060324594,241
lov,0.409272612,241
dated,-0.258843086,240
fuckin,-0.086798859,240
physics,-0.051914851,240
respect,0.089824246,240
sister,0.106239062,240
situations,0.202865037,240
hadn,0.064577348,239
girlfriend,0.168917871,239
buena,0.309288579,239
happily,0.190121473,238
wud,-0.206983674,237
recognizes,-0.143378285,237
closer,-0.055521789,237
sections,0.054935147,237
gesture,0.086824243,237
motivated,0.141297681,237
confirm,0.16743527,237
tnx,0.343967528,237
informed,0.182199845,236
re-install,0.22131789,236
commercials,-0.296224089,235
risk,-0.141054558,235
critical,0.106631632,235
sooner,0.37446551,235
repeats,-0.392728903,234
returns,-0.230257074,234
rt,-0.079884858,234
innovative,0.174445433,234
corrupted,-0.553673035,233
degrees,-0.278283502,233
achievements,0.071076846,233
sits,-0.228961774,232
backflip,-0.19002316,232
valid,-0.120217766,232
poop,-0.479909974,231
mediocre,-0.325977986,231
discover,-0.059400695,231
inspiring,0.245608369,231
flawed,-0.406543574,230
changelog,-0.383893955,229
hebrew,-0.061960404,229
avail,0.076251287,229
pronunciation,-0.108036764,228
panel,0.050664305,228
dad,0.082538967,228
boom,0.348364837,228
rent,-0.136130176,227
repeated,-0.07628838,227
cons,0.271609314,227
fuss,0.336263692,227
untill,-0.202135058,226
repetitive,-0.16869072,226
sub,-0.13517437,226
cares,0.052836633,226
prefect,0.471170664,226
faces,-0.080615317,225
sir,0.063353653,225
processes,0.093731382,225
nic,0.385394345,225
invisible,-0.141598568,224
render,-0.085168697,224
basics,-0.077087493,224
tank,0.055092937,224
hahaha,0.260286167,224
umm,-0.465466944,223
canada,-0.114118141,223
barcodes,-0.073753624,223
gestures,0.079143137,223
bricked,-0.671842852,222
registration,-0.196907167,222
i9000,-0.104704786,222
torch,0.193321722,222
subscribe,-0.149026255,221
evo4g,-0.064921096,221
bells,0.109279914,221
champ,0.369078533,221
cluttered,-0.119895036,220
frames,-0.071546243,220
situation,0.119947631,220
claim,0.146460033,220
priced,-0.080280904,219
yours,0.138409733,219
appeared,-0.15091789,218
scrollable,-0.080956393,218
steal,-0.073070511,218
beauty,0.26841329,218
acts,-0.172588411,217
output,-0.132730758,217
toddler,-0.074114776,217
authentication,-0.064063932,217
alpha,-0.05708652,217
football,0.091432104,217
abc,0.101078099,217
bagus,0.437030982,217
wrk,-0.4101948,216
dc,-0.140382357,216
praise,0.125018122,215
downgrade,-0.267629131,214
portion,-0.123878939,214
string,-0.122273793,214
stage,-0.066196661,214
dosnt,-0.847210997,213
drained,-0.642287607,213
pauses,-0.210381232,213
fell,-0.061442093,213
alternate,0.053247268,213
dolphin,0.067908005,213
elite,0.093667305,213
virtually,0.183834737,213
gem,0.197098995,213
wiped,-0.581018278,212
hanging,-0.147010038,212
commercial,-0.134186287,212
module,-0.086183443,212
anti,0.404239486,212
morse,0.054486662,211
annoyance,0.067981549,211
droids,0.204446399,211
skipping,-0.322288757,210
launched,-0.200507236,210
grow,0.086598209,210
vzw,0.134464525,210
guessing,0.206074932,210
17,0.214164041,210
eating,-0.20673318,209
funciona,-0.148228966,209
ca,-0.090581049,209
feet,-0.073456511,209
army,0.051696239,209
wheres,-0.148850514,208
robust,0.072114121,208
cooler,0.085744502,208
hook,0.134151833,208
ghz,0.177035015,208
brightest,0.249399321,208
wonders,0.335295141,208
jos,0.796501362,208
overpriced,-0.391578376,207
horribly,-0.217463494,207
doctor,0.058354038,207
script,0.114620736,207
aap,0.120661181,207
dependable,0.16001802,207
chainfire,0.17378506,207
geek,0.176748218,207
transform,-0.319387997,206
responses,-0.113590947,206
80,-0.098105197,206
webpage,-0.085148882,206
jack,0.050252614,206
session,0.109403965,206
rates,0.116466639,206
winter,0.128631072,206
disney,-0.121288712,205
importantly,0.056554255,205
smarter,0.26376469,205
james,0.293554299,205
breaker,-0.21396909,204
misses,-0.098784352,204
unzip,-0.093874013,204
blow,-0.052579256,204
31,0.278612254,204
garden,0.381873265,204
10%,-0.186137177,203
frm,-0.069452027,203
compact,0.078645495,203
duh,0.126444542,202
flashes,-0.196459429,201
north,-0.119056967,201
cheat,-0.115831104,201
mood,-0.075455565,201
cake,0.123720952,201
vault,0.146497821,201
ben,0.337281177,201
hay,0.414258539,201
readings,-0.089736294,200
terribly,-0.070937488,200
tree,-0.067284802,200
uploads,-0.060094379,200
defender,0.095281163,200
david,0.148470928,200
smile,0.155091311,200
blast,0.255746855,200
dull,-0.587059296,199
cutting,-0.142261188,199
worried,0.104447382,199
ripoff,-0.891409013,198
hungry,-0.254551627,198
falling,-0.07801634,198
companies,0.077726195,198
quits,-0.531842792,197
stayed,-0.093193115,197
ignored,-0.058149244,197
encryption,0.082038016,197
4,0.095025175,197
mother,0.128761688,197
crisp,0.141332576,197
goodness,0.165196259,197
awsum,0.61973991,197
activation,-0.071756592,196
paul,0.078063008,196
blocker,0.131203436,196
overclocked,0.232575956,196
forecloses,-0.826844209,195
unreadable,-0.506690597,195
renders,0.07693301,195
recomended,0.254947922,195
ni,-0.07016181,194
automation,0.06686976,194
limitations,0.074041368,194
stocks,0.079554204,194
solves,0.103133154,194
stress,0.114538507,194
bob,0.155661259,194
encountered,0.148666156,193
steve,0.225603185,193
lies,-0.650965709,192
lasted,-0.302836072,192
pleasant,0.13879041,192
mejor,0.483432914,192
null,-0.31759987,191
uh,-0.259719796,191
greader,-0.196568457,191
listings,-0.050115755,191
race,0.066410655,191
gf,0.276635231,191
sheet,-0.069587678,190
ad-free,0.268453892,190
spectacular,0.323045406,190
i1,-0.456295106,189
shooting,-0.098206132,189
continued,0.061088058,189
describe,0.08052993,189
express,0.133930853,189
launching,-0.160034178,188
<,-0.127842849,188
submit,-0.103194021,188
lookin,0.092200509,188
billing,-0.161507557,187
secs,-0.142806022,187
metric,-0.092954032,187
jay,0.131227474,187
excuse,0.182821358,187
invasive,-0.541720945,186
ripped,-0.283596025,186
xx,0.067037415,186
hurt,0.090622787,186
overclocking,0.149057954,186
awsm,0.677773706,186
unplayable,-0.819860458,185
validate,-0.181415793,185
5th,0.093096521,185
config,0.12035089,185
exceptional,0.415762012,185
calculation,-0.141929041,184
stylish,0.05992368,184
promptly,0.075826873,184
parents,0.100232919,184
lightning,0.149145425,184
cricket,0.197090192,184
memories,0.212285697,184
crapware,-0.826241305,183
ruin,-0.292696507,183
stolen,-0.103728059,183
scratch,0.060698864,183
selling,-0.187149813,182
headache,-0.093687552,182
tryed,-0.065483702,182
assume,0.118466709,182
ez,0.130103521,182
sg2,-0.082243584,181
dropping,-0.075658932,181
material,-0.067703287,181
xxx,0.064283385,181
accident,0.128725145,181
hound,0.328952697,181
poo,-0.770083685,180
goodbye,-0.112111546,180
hiking,0.052806833,180
occupied,0.251007668,180
brick,-0.227043824,179
blog,-0.064285216,179
xe,0.062284413,179
addon,0.070590523,179
favor,0.159857556,179
classy,0.184338005,179
coool,0.562428335,179
navigating,0.134149819,178
upper,0.145607172,178
woo,0.322818256,178
disconnects,-0.298708603,177
clumsy,-0.24559459,177
sideways,-0.171323376,177
tax,-0.068701072,177
estate,0.060067034,177
reviewers,0.232288192,177
upside,-0.078875661,176
bang,0.069824507,176
ftw,0.617991082,176
falls,-0.149340823,175
dang,-0.081124871,175
woot,0.316631439,175
gooood,0.624178494,175
wast,-0.807313613,174
inconvenient,-0.235104035,174
lookup,-0.079076853,174
restaurants,-0.063831638,174
fbreader,0.056649472,174
blown,0.148475649,174
awesomely,0.279194967,174
cnt,-0.587200461,173
ab,0.077093534,173
priority,0.195326491,173
copilot,0.239918646,173
kewl,0.364555405,173
exists,-0.121009849,172
europe,0.100484737,172
toolbar,0.115789415,172
integrates,-0.083579558,171
patterns,-0.078468205,171
instagram,0.094806301,171
firefox,0.106748342,171
human,0.129317268,171
awesum,0.618782314,171
arent,-0.215179844,170
archos,-0.068724712,170
nightmare,-0.067735758,170
talks,-0.0637736,170
patch,0.055301474,170
winning,0.05724308,170
passes,0.059225791,170
mass,0.059964741,170
familiar,0.072770901,170
coffee,0.127153524,170
frills,0.464719941,170
squares,-0.205349886,169
jumping,-0.151266348,169
acting,-0.11304613,169
nifty,0.223303535,169
necessity,0.348219373,169
priceless,0.436937055,169
prevents,-0.252633106,168
london,-0.086603584,168
themed,0.079176136,168
ho,0.119490397,168
cached,0.234157364,168
sigh,-0.294113165,167
una,-0.165519209,167
dunno,-0.076174347,167
precious,0.154612995,167
mhz,0.171058664,167
a1,0.295557418,167
morons,0.43225867,167
inappropriate,-0.622447446,166
|,-0.158148717,166
bandwidth,-0.130575666,166
louder,-0.127913482,166
located,0.06634857,166
appealing,0.085567941,166
inspiration,0.128713186,166
timely,0.134263915,166
identity,-0.5516566,165
workin,-0.148408836,165
advise,-0.08345886,165
5-star,0.079172014,165
dave,0.151444906,165
dangerous,-0.424467904,164
painful,-0.195722483,164
creepy,-0.184832168,164
inability,-0.135514621,164
birthdays,-0.080926844,164
thoroughly,0.090157424,164
tomtom,0.139577659,164
pushes,-0.300796471,163
uverse,-0.213582864,163
muito,0.116837289,163
ruins,-0.402116412,162
exits,-0.398546546,162
preloaded,-0.360371164,162
xt,-0.148722786,162
tal,-0.117724187,162
relatively,0.074915515,162
props,0.20507325,162
incorrectly,-0.312524283,161
abilities,-0.086677554,161
tuners,0.051190594,161
skyvi,0.062789966,161
lmao,0.072666339,161
mrs,0.115590711,161
scanners,0.130205442,161
intelligent,0.170885803,161
bom,0.300744289,161
ota,0.329617972,161
bra,0.347788864,161
excellence,0.646461506,161
forceclose,-0.654627987,160
definition,-0.196469524,160
recipe,-0.175538891,160
refused,-0.165257139,160
simplistic,-0.088703521,160
cm6,0.064749185,160
patient,0.098322687,160
appropriate,0.105129017,160
1ghz,0.134224445,160
foreclosing,-0.804651015,159
heaven,0.079921891,159
apn,0.177775154,159
changer,0.187374548,159
killers,0.18811637,159
keepsafe,0.433514834,159
theory,-0.287611881,158
retweets,-0.056773773,158
reccomend,0.088269714,158
kit,0.133493287,158
tops,0.204845741,158
consumes,-0.45133513,157
insufficient,-0.446877164,157
teaser,-0.051338255,157
boyfriend,0.053600022,157
za,0.054507903,157
babies,0.079237105,157
bargain,0.187738052,157
nandroid,0.218147477,157
inspirational,0.245899698,157
mast,0.64044458,157
pas,-0.322269658,156
proud,0.161595397,156
grateful,0.263294138,156
3-Feb,-0.082141061,155
in-app,0.10463219,155
aplikacija,0.233524587,155
uplifting,0.287492128,155
forcecloses,-0.814820573,154
warned,-0.189467854,154
pricing,-0.186387976,154
fu,-0.141313203,154
australia,-0.133952098,154
overlay,-0.067769707,154
concern,0.05282969,154
war,0.097205675,154
hehe,0.148242893,154
defective,-1.013258411,153
unintuitive,-0.249174528,153
aswell,-0.161418026,153
requesting,-0.107191128,153
jedi,0.095240339,153
affect,0.279483141,153
nu,-0.224119952,152
marketing,-0.079607252,152
alive,0.065857262,152
wrks,0.069597326,152
promo,0.091747896,152
donating,0.11777505,152
amusing,0.150970413,152
ummm,-0.641985589,151
advertise,-0.283221823,151
women,-0.050933442,151
context,0.096944677,151
factor,-0.154451102,150
suspicious,-0.363356905,149
$15 ,-0.187020611,149
creators,-0.16598428,149
excessive,-0.163226678,149
popups,-0.110973839,149
instruction,-0.086988364,149
ak,0.131939452,149
swiss,0.141886689,149
booo,-1.30087685,148
discounts,-0.118443244,148
efficiently,0.05005501,148
ths,0.052941143,148
calculators,0.068673938,148
blowing,0.103030248,148
$0 ,0.148232572,148
gut,0.234560664,148
sucky,-1.063230613,147
cud,-0.249365659,147
groupon,-0.195706876,147
launches,-0.103054775,147
temporarily,-0.069608559,147
mid,-0.052837647,147
nosey,0.06518852,147
voltage,0.072869877,147
fps,0.079994277,147
ot,0.084186379,147
goo,0.09183863,147
ticket,0.160709267,147
explained,0.181611464,147
stellar,0.296135724,147
wonderfull,0.545387131,147
bogus,-1.069089235,146
hasnt,-0.267198873,146
discovery,-0.06309631,146
restaurant,-0.058731068,146
op,0.059061033,146
speedy,0.09608068,146
tuned,0.111916787,146
gg,0.177506096,146
cables,0.362746249,146
mantap,0.570724129,146
80%,-0.078470231,145
virker,-0.061706215,145
reasonably,0.052488009,145
marvelous,0.393000488,145
sees,-0.137360479,144
altogether,-0.112723856,144
requirement,-0.070635094,144
comp,0.050434502,144
logical,0.054882419,144
thrilled,0.148419032,144
excellant,0.644506232,144
typical,-0.212251922,143
headlines,-0.149544568,143
attempted,-0.136661479,143
fuel,0.104355031,143
thankfully,0.118118685,143
catalog,-0.193191162,142
credentials,-0.192652777,142
giant,-0.149653595,142
blind,-0.12149092,142
messy,-0.053894805,142
travelling,0.062797644,142
skeptical,0.104529439,142
indication,0.144716673,142
hats,0.161460888,142
ilove,0.433227854,142
uninstal,-0.869032205,141
malicious,-0.593619893,141
cheats,-0.555516294,141
offering,-0.088114957,141
grace,0.124658094,141
reviewer,0.127653303,141
ubuntu,0.144031476,141
b-,0.17904189,141
tony,0.227581494,141
faulty,-0.506505502,140
redeem,-0.156927305,140
spin,-0.11528347,140
contract,-0.077575287,140
moron,0.201010994,140
rubish,-1.303461816,139
cheating,-0.286734717,139
af,-0.168803486,139
capital,-0.078175774,139
cupcake,0.097892608,139
rpg,0.102405813,139
ins,0.108076006,139
afford,0.174522854,139
faq,0.181589869,139
slowing,-0.19424685,138
reverts,-0.125762261,138
unlocks,-0.088541834,138
ongoing,-0.075060006,138
$12 ,-0.071691254,138
guns,-0.06972269,138
york,-0.068601323,138
knife,0.146974094,138
instal,-0.413922191,137
measurements,-0.200049908,137
occurred,-0.110039927,137
colored,0.069886103,137
29,0.107251674,137
raw,0.113898346,137
itt,0.123156933,137
iron,0.252426632,137
goog,0.282214346,137
rude,-0.522942373,136
unsupported,-0.339655766,136
disables,-0.318048312,136
facility,-0.150291597,136
formulas,-0.120497713,136
sneaky,-0.099140375,136
collecting,-0.072451089,136
thorough,0.060884888,136
forgetting,0.133530019,136
mem,0.138243448,136
ish,0.193142292,136
awesom,0.541122923,136
unistalling,-0.699173926,135
opposite,-0.503416916,135
rights,-0.063991113,135
congrats,0.068082643,135
friggin,0.0803006,135
replacing,0.103121242,135
depend,0.144310117,135
plugins,0.197271185,135
greatness,0.509544404,135
hacked,-0.664946612,134
redundant,-0.229474676,134
forgets,-0.139491923,134
blogs,-0.0688827,134
cup,-0.050594117,134
supersu,0.106960216,134
automate,0.145290292,134
worries,0.482539787,134
digit,-0.107535414,133
former,0.093192866,133
v3,0.102443728,133
noticeable,0.138227102,133
bam,0.224035816,133
lovee,0.377420688,133
sounded,-0.504281469,132
tracked,-0.14533133,132
hotmail,-0.054488865,132
clearer,0.050152845,132
vaulty,0.245488366,132
vital,0.26959229,132
chain,0.270786983,132
stoped,-0.54553957,131
bummed,-0.355472883,131
sticks,-0.210930893,131
productive,0.163503258,131
compares,0.590850085,131
disapointed,-0.660785758,130
lexmark,-0.634040254,130
movable,-0.400727284,130
gamer,0.050190301,130
bat,0.096859338,130
goods,0.107554613,130
truely,0.116101403,130
heaps,0.117507105,130
directories,0.149312082,130
meets,0.231521081,130
asome,0.780207748,130
expires,-0.249713748,129
west,-0.233568569,129
dozens,0.057219125,129
extend,0.113629014,129
bin,0.196432655,129
hmmmm,-0.310392063,128
sg3,-0.060193897,128
kno,0.159637859,128
adore,0.175618488,128
workaround,0.191918762,128
destroyed,-0.804870478,127
spams,-0.776641752,127
sloppy,-0.41463972,127
est,-0.072960376,127
vlingo,0.120537434,127
sandy,0.134829575,127
shite,-1.181081703,126
shit,-1.046066567,126
spamming,-0.69005504,126
bg,0.103609634,126
simultaneously,0.110511903,126
blessed,0.224771755,126
nothin,-0.358681263,125
distorted,-0.155248353,125
bypass,-0.10577554,125
vortex,-0.075992059,125
cdma,0.060616273,125
gifts,0.063925143,125
atk,0.250029042,125
swear,0.300067691,125
raj,0.323395795,125
foreclose,-0.592893673,124
hw,-0.153095536,124
echo,-0.063903271,124
wats,-0.058722622,124
wav,-0.058565394,124
attack,0.055008208,124
magnificent,0.450187953,124
pants,-0.378563131,123
releasing,-0.162315322,123
quarter,-0.121758296,123
10x,0.065260562,123
routing,0.16861708,123
horrid,-0.631187211,122
shady,-0.332277358,122
corrupt,-0.310660874,122
jeg,0.060812766,122
produce,0.12079278,122
lived,0.207409058,122
gusta,0.492257711,122
perfecto,0.626539092,122
aggravating,-0.299371332,121
404,-0.260815031,121
cube,-0.117286926,121
ga,-0.05479622,121
hitch,0.088087351,121
vacation,0.100648143,121
excellently,0.344393067,121
re-installed,0.514566243,121
nagging,-0.259920909,120
apps2sd,-0.198821223,120
obnoxious,-0.06524093,120
mantano,-0.056295229,120
pcs,0.070071937,120
habit,0.08373048,120
bacon,0.17012766,120
boooo,-1.184472607,119
crippled,-0.427908628,119
#NAME?,-0.27718796,119
responsiveness,-0.061750572,119
scripts,0.05224227,119
soul,0.087175542,119
adb,0.229193765,119
suks,-1.465823837,118
delayed,-0.174111506,118
drinks,-0.164985941,118
arcade,0.070904822,118
26,0.106525877,118
lighter,0.165523653,118
faults,0.228657717,118
hung,-0.256915802,117
denied,-0.235535172,117
circles,-0.165905372,117
noises,-0.134826597,117
pool,0.062993149,117
rob,0.076256772,117
nw,0.092974979,117
thou,0.134911227,117
hella,0.13964126,117
sehr,0.312606257,117
potentially,-0.31799876,116
bugged,-0.279915887,116
stalls,-0.253626131,116
caution,-0.225221538,116
electrify,-0.095941325,116
wood,0.054121489,116
dragging,0.160598004,116
go-to,0.218873542,116
rad,0.432782046,116
cheesy,-0.180322329,115
graphical,-0.114272659,115
$9 ,-0.061376072,115
favs,0.091121101,115
realise,0.095605379,115
invite,0.099088948,115
vpn,0.1200084,115
docked,0.128461143,115
tp,0.142973922,115
thank-you,0.168526061,115
crying,0.300426506,115
drainer,-0.635889588,114
throws,-0.428937801,114
tattoo,-0.314836266,114
disconnected,-0.224265112,114
indonesia,-0.172556701,114
damage,-0.160858585,114
nit,-0.153401966,114
pipe,-0.118448928,114
prettier,0.054183648,114
touchdown,0.121103119,114
stating,0.217920948,114
coo,0.373980345,114
unfortunate,-0.343952316,113
touchpal,-0.260356535,113
someday,-0.143436063,113
supposedly,-0.128392606,113
flaky,-0.116783511,113
opt,-0.090764945,113
prove,-0.055815186,113
law,0.088932987,113
eliminate,0.099304811,113
anonymous,-0.137792397,112
ate,-0.111097336,112
clarity,-0.064220602,112
mnt,0.079594342,112
associated,0.097131795,112
kim,0.162668106,112
april,0.176337816,112
nicht,-0.799306761,111
wastes,-0.274608622,111
wid,-0.060736409,111
gal,0.095941889,111
haptic,0.100438426,111
admin,0.111932247,111
goof,0.448507738,111
mesmerize,-0.256907203,110
screws,-0.214000888,110
sucking,-0.120311136,110
blur,-0.081420899,110
plzz,-0.076424052,110
define,-0.069292982,110
beers,-0.060327008,110
jd,0.083857284,110
soothing,0.153950768,110
aa,0.216335754,110
rocking,0.275640096,110
verification,-0.261544111,109
pile,-0.146260307,109
bare,-0.106866392,109
follows,-0.089112893,109
andy,0.211612191,109
noobs,0.390947327,109
deceptive,-0.595074943,108
looses,-0.429986151,108
cbc,-0.218029901,108
rental,-0.131964283,108
membership,-0.125787389,108
wht,-0.118063705,108
male,-0.103279895,108
woke,-0.056431377,108
classics,0.057421123,108
snappy,0.065263167,108
grand,0.141361259,108
nicest,0.215098786,108
upto,0.278733966,108
cutest,0.337307025,108
dosen,-0.333075761,107
competitive,0.097218204,107
angel,0.102848368,107
#NAME?,0.123686932,107
dealing,0.141444249,107
seemingly,0.145012546,107
fx,0.17319749,107
gio,0.18678776,107
dating,-0.249312319,106
cmon,-0.237861663,106
cams,-0.119951305,106
nick,0.051205253,106
jot,0.062849571,106
golden,0.258582205,106
fantastically,0.29253032,106
speechless,0.412500315,106
greate,0.593128539,106
fraud,-0.614434178,105
pausing,-0.279884317,105
obsolete,-0.199117331,105
ignores,-0.167330721,105
cartoon,-0.135644348,105
leading,-0.12089152,105
reminded,-0.10676799,105
exam,0.060596003,105
cry,0.068338303,105
lcd,0.073653248,105
precisely,0.091612468,105
builds,0.096026776,105
cleaning,0.139997223,105
kiss,0.140323414,105
engaging,0.142215588,105
hesitate,0.412042109,105
adictive,0.435386078,105
goooood,0.599815629,105
yuck,-0.967431949,104
bleh,-0.923628539,104
mai,0.052723346,104
pays,0.068617646,104
minimalist,0.084214331,104
secondly,0.111683909,104
tks,0.194875904,104
grrr,-0.770525751,103
shocking,-0.649161408,103
fuck,-0.605381941,103
disaster,-0.407979819,103
sketchy,-0.225428839,103
hacker,-0.103841575,103
bla,-0.079308118,103
barnacle,0.056701456,103
fewer,0.214397642,103
addiction,0.459487937,103
keren,0.587666341,103
disgusting,-0.634625503,102
aint,-0.40909024,102
az,-0.24012403,102
walked,-0.185279999,102
kk,0.114751022,102
mary,0.115746209,102
complains,0.1690936,102
satellites,0.252677062,102
disappoint,0.280451803,102
amen,0.339261597,102
banned,-0.386934249,101
meters,-0.197224366,101
switcher,-0.137548009,101
tt,0.132076392,101
matters,0.143651784,101
lv,0.331935765,101
jk,0.346505927,101
supper,0.408502859,101
swag,0.42434618,101
